,Accuracy,Precision,Recall,F1-Score,AUC-ROC,Average Score
Random Forest,0.8919211024047554,0.8962782184258694,0.8646262507357269,0.8801677651288197,0.9649769006743697,0.8995940474739081
Logistic Regression,0.8838151850851121,0.8686809994189425,0.8799293702177752,0.8742690058479532,0.9593618565072362,0.8932112834154038
SVM,0.890840313428803,0.8714859437751004,0.8940553266627428,0.8826263800116212,0.956925358337954,0.8991866644432444
Ensemble,0.893001891380708,0.8794408852649971,0.8887580929958799,0.8840749414519906,0.9651077292336857,0.9020767080654523
